{
  "mean_": [
    10.97,
    17.925714285714285,
    0.48714285714285716,
    12.375714285714286,
    2.4971428571428573,
    2.6757142857142857,
    2.8142857142857145,
    2.632857142857143,
    2.611428571428571,
    1.917142857142857,
    2.6942857142857144,
    2.6185714285714288,
    38.25714285714286,
    6.436442852190563,
    7.69935715334756,
    16.702857142857145,
    2.4119999991038017,
    2.4635999996427977,
    2.456614283216851,
    2.600027380117348,
    2.6915634240356408,
    23.345714285714287,
    -0.7771428571428571,
    1.0792080458772502,
    8.044285714285714,
    19.53
  ],
  "scale_": [
    6.118399650702321,
    8.898807074374561,
    0.49983466654240194,
    7.687855649646129,
    1.3778836182007994,
    1.5275503933034815,
    1.382470429989702,
    1.3041933936971388,
    1.5251737940447354,
    1.0414236723380759,
    1.4084323315846803,
    1.5227599808189372,
    12.045966383916609,
    3.0825410253702343,
    3.7025916864132857,
    7.714568248794361,
    1.4251877036146885,
    1.4141697824801545,
    1.469407010994883,
    1.9612348682478233,
    7.346477041999223,
    12.800130420253938,
    2.121735908473559,
    0.9801191978995987,
    7.3418202436314095,
    16.51356022875053
  ],
  "features": [
    "anxiety_level",
    "self_esteem",
    "mental_health_history",
    "depression",
    "headache",
    "sleep_quality",
    "academic_performance",
    "study_load",
    "future_career_concerns",
    "social_support",
    "peer_pressure",
    "bullying",
    "Age",
    "Total_App_Usage_Hours",
    "Daily_Screen_Time_Hours",
    "Number_of_Apps_Used",
    "Social_Media_Usage_Hours",
    "Productivity_App_Usage_Hours",
    "Gaming_App_Usage_Hours",
    "screen_to_sleep_ratio",
    "social_vs_productivity",
    "anxiety_depression_sum",
    "support_pressure_diff",
    "passive_screen_ratio",
    "academic_stress_index",
    "wellbeing_deficit"
  ],
  "n_models": 8
}